ID;Sous-groupe;Intervention Chirurgicale;SPECIALITE;Risque H AOD - AVK;Risque H AAP;stress chir cortico
ALR-NEU-01;Anesthésie neuraxiale;Péridurale;ALR;TRES ELEVE;TRES ELEVE;FAIBLE
ALR-NEU-02;Anesthésie neuraxiale;Rachianesthésie;ALR;TRES ELEVE;TRES ELEVE;FAIBLE
ALR-NEU-03;Anesthésie neuraxiale;Péri-rachi combinée;ALR;TRES ELEVE;TRES ELEVE;FAIBLE
ALR-PRO-01;Blocs périphériques profonds;Blocs périphériques profonds (bloc paravertébral, bloc infraclaviculaire, bloc du plexus lombaire par voie postérieure…);ALR;ELEVE;INTERMEDIAIRE;FAIBLE
ALR-PER-01;Blocs périphériques superficiels;Blocs périphériques superficiels (bloc axillaire, fémoral, sciatique poplité, bloc des érecteurs…);ALR;FAIBLE;FAIBLE;FAIBLE
CDI-RYT-01;Rythmologie (PM, DAI, ablation);Ablation endocavitaire par cathéter pour flutter et FA (supraventriculaire);CARDIOLOGIE;Nul = pas d'arrêt;FAIBLE;NON FAIBLE
CDI-RYT-02;Rythmologie (PM, DAI, ablation);Explorations électrophysiologiques;CARDIOLOGIE;Nul = pas d'arrêt;FAIBLE;FAIBLE
CDI-RYT-03;Rythmologie (PM, DAI, ablation);Cardioversion électrique;CARDIOLOGIE;Nul = pas d'arrêt;FAIBLE;FAIBLE
CDI-RYT-04;Rythmologie (PM, DAI, ablation);Ablation endocavitaire par cathéter hors arythmies atriales;CARDIOLOGIE;FAIBLE;FAIBLE;NON FAIBLE
CDI-RYT-05;Rythmologie (PM, DAI, ablation);Ablation d’arythmie par voie épicardique;CARDIOLOGIE;FAIBLE;FAIBLE;NON FAIBLE
CDI-RYT-06;Rythmologie (PM, DAI, ablation);Stimulateurs et défibrillateurs de tous types;CARDIOLOGIE;FAIBLE;FAIBLE;NON FAIBLE
CDI-RYT-07;Rythmologie (PM, DAI, ablation);Défibrillateurs extravasculaires (voie sous costale);CARDIOLOGIE;ELEVE;INTERMEDIAIRE;NON FAIBLE
CDI-STR-01;Structurel (CIA, CIV, FOP, auricule, biopsie);Fermeture percutanée du foramen ovale perméable;CARDIOLOGIE;FAIBLE;FAIBLE;NON FAIBLE
CDI-STR-02;Structurel (CIA, CIV, FOP, auricule, biopsie);Fermeture percutanée de communication inter auriculaire;CARDIOLOGIE;FAIBLE;FAIBLE;NON FAIBLE
CDI-STR-03;Structurel (CIA, CIV, FOP, auricule, biopsie);Fermeture percutanée de communication inter ventriculaire;CARDIOLOGIE;ELEVE;INTERMEDIAIRE;NON FAIBLE
CDI-STR-04;Structurel (CIA, CIV, FOP, auricule, biopsie);Biopsie endomyocardique;CARDIOLOGIE;ELEVE;INTERMEDIAIRE;FAIBLE
CDI-STR-05;Structurel (CIA, CIV, FOP, auricule, biopsie);Intervention coronaire percutanée;CARDIOLOGIE;Nul = pas d'arrêt;FAIBLE;NON FAIBLE
CDI-VAL-01;Valves percutanées;Réparation tricuspide percutanée (TriClip);CARDIOLOGIE;FAIBLE;FAIBLE;NON FAIBLE
CDI-VAL-02;Valves percutanées;Remplacement valvulaire tricuspide par voie percutanée (TTVR);CARDIOLOGIE;FAIBLE;FAIBLE;NON FAIBLE
CDI-VAL-03;Valves percutanées;Réparation mitrale percutanée (MitraClip);CARDIOLOGIE;ELEVE;INTERMEDIAIRE;NON FAIBLE
CDI-VAL-04;Valves percutanées;Remplacement valvulaire aortique par voie percutanée (TAVI);CARDIOLOGIE;ELEVE;INTERMEDIAIRE;NON FAIBLE
CDI-VAL-05;Valves percutanées;Remplacement valvulaire mitral par voie percutanée (TMVR);CARDIOLOGIE;ELEVE;INTERMEDIAIRE;NON FAIBLE
CDI-VAL-06;Valves percutanées;Fermeture percutanée de fuite para-valvulaire;CARDIOLOGIE;ELEVE;INTERMEDIAIRE;NON FAIBLE
CAR-ASS-01;Assistance circulatoire;Assistance circulatoire de courte durée sans abord chirurgical (ECMO, Impella, CPIA, etc.);CHIR CARDIAQUE;ELEVE;INTERMEDIAIRE;NON FAIBLE
CAR-ASS-02;Assistance circulatoire;Assistance circulatoire avec abord chirurgical (ECMO, Impella, etc.);CHIR CARDIAQUE;ELEVE;INTERMEDIAIRE;NON FAIBLE
CAR-CEC-01;Chirurgie sous CEC;Tous les gestes sous CEC;CHIR CARDIAQUE;ELEVE;INTERMEDIAIRE;NON FAIBLE
CAR-DIS-01;Dispositifs;Pose de PM ou DAI épicardique;CHIR CARDIAQUE;ELEVE;INTERMEDIAIRE;NON FAIBLE
CAR-DIS-02;Dispositifs;Changement de sonde épicardique;CHIR CARDIAQUE;ELEVE;INTERMEDIAIRE;NON FAIBLE
CAR-DIV-01;Divers;Ablation des fils d'acier;CHIR CARDIAQUE;ELEVE;INTERMEDIAIRE;NON FAIBLE
CAR-DIV-02;Divers;Reprise de scarpa (faux anévrisme);CHIR CARDIAQUE;ELEVE;INTERMEDIAIRE;NON FAIBLE
CAR-DIV-03;Divers;Hémostase postopératoire après chirurgie cardiaque par sternotomie ou thoracotomie;CHIR CARDIAQUE;ELEVE;INTERMEDIAIRE;NON FAIBLE
CAR-DRN-01;Drainage / décompression péricardique;Drainage péricardique par thoracotomie ou sternotomie;CHIR CARDIAQUE;ELEVE;INTERMEDIAIRE;NON FAIBLE
CAR-DRN-02;Drainage / décompression péricardique;Fenêtre pleuropéricardique ou péritonéopéricardique;CHIR CARDIAQUE;ELEVE;INTERMEDIAIRE;NON FAIBLE
CO-AVU-01;Avulsions dentaires;Avulsion simple (sans alvéolectomie);CHIR ORALE;FAIBLE;FAIBLE;FAIBLE
CO-AVU-02;Avulsions dentaires;Avulsions multiples dans 1 même quadrant ou 2 quadrants d'un seul côté;CHIR ORALE;FAIBLE;FAIBLE;FAIBLE
CO-AVU-03;Avulsions dentaires;Avulsions multiples dans plus de 2 quadrants;CHIR ORALE;ELEVE;INTERMEDIAIRE;FAIBLE
CO-AVU-04;Avulsions dentaires;Avulsion de dent(s) incluse(s);CHIR ORALE;ELEVE;INTERMEDIAIRE;FAIBLE
CO-OSS-01;Chirurgie osseuse / greffes;Chirurgie pré-orthodontique d'une dent enclavée / pose de moyens d'ancrage;CHIR ORALE;ELEVE;INTERMEDIAIRE;FAIBLE
CO-OSS-02;Chirurgie osseuse / greffes;Greffes osseuses d'apposition (en onlay) / régénération osseuse guidée;CHIR ORALE;ELEVE;INTERMEDIAIRE;NON FAIBLE
CO-OSS-03;Chirurgie osseuse / greffes;Chirurgie pré-prothétique sur un quadrant (exérèse torus, crête flottante, hyperplasie gingivale);CHIR ORALE;ELEVE;INTERMEDIAIRE;FAIBLE
CO-OSS-04;Chirurgie osseuse / greffes;Chirurgie osseuse endodontique périapicale / énucléation de kystes;CHIR ORALE;ELEVE;INTERMEDIAIRE;FAIBLE
CO-SAL-01;Glandes salivaires;Chirurgie d'une lithiase salivaire;CHIR ORALE;ELEVE;INTERMEDIAIRE;FAIBLE
CO-HYG-01;Hygiène;Détartrage / débridement des poches parodontales;CHIR ORALE;Nul = pas d'arrêt;INTERMEDIAIRE;FAIBLE
CO-IMP-01;Implantologie / sinus;Implants avec lambeau dans un même quadrant / implants symphysaires / implants en flapless dans 2 quadrants sur un maxillaire;CHIR ORALE;FAIBLE;FAIBLE;FAIBLE
CO-IMP-02;Implantologie / sinus;Élévation du sinus par voie crestale;CHIR ORALE;FAIBLE;FAIBLE;FAIBLE
CO-IMP-03;Implantologie / sinus;Dégagement implants (pilier cicatrisation) sur un maxillaire;CHIR ORALE;FAIBLE;FAIBLE;FAIBLE
CO-IMP-04;Implantologie / sinus;Implants multiples avec lambeau dans plusieurs quadrants / implants zygomatiques;CHIR ORALE;ELEVE;INTERMEDIAIRE;NON FAIBLE
CO-IMP-05;Implantologie / sinus;Élévation du sinus avec lambeau par voie latérale;CHIR ORALE;ELEVE;INTERMEDIAIRE;NON FAIBLE
CO-IMP-06;Implantologie / sinus;Fermeture de communication bucco-sinusienne par lambeau ou corps adipeux;CHIR ORALE;ELEVE;INTERMEDIAIRE;NON FAIBLE
CO-PAR-01;Parodontologie / muqueuse;Incision et drainage de tuméfactions intra-orales;CHIR ORALE;FAIBLE;FAIBLE;FAIBLE
CO-PAR-02;Parodontologie / muqueuse;Chirurgie muco-gingivale dans un même quadrant (+/- prélèvement conjonctif palatin);CHIR ORALE;ELEVE;INTERMEDIAIRE;FAIBLE
CO-PAR-03;Parodontologie / muqueuse;Lambeau d'assainissement parodontal / comblement des poches / gingivectomie;CHIR ORALE;ELEVE;INTERMEDIAIRE;FAIBLE
CO-TUM-01;Tumeurs / kystes / biopsies;Biopsie buccale;CHIR ORALE;FAIBLE;FAIBLE;FAIBLE
CO-TUM-02;Tumeurs / kystes / biopsies;Exérèse de pseudotumeurs et tumeurs bénignes de la muqueuse buccale;CHIR ORALE;ELEVE;INTERMEDIAIRE;FAIBLE
PLA-BRU-01;Brûlures;Pansement de brûlure initial (mise à plat de phlyctènes, lavage) et secondaire sans geste chirurgical;CHIR PLASTIQUE;ELEVE;INTERMEDIAIRE;FAIBLE
PLA-BRU-02;Brûlures;Incision de décharge : Escarrotomie;CHIR PLASTIQUE;ELEVE;INTERMEDIAIRE;NON FAIBLE
PLA-BRU-03;Brûlures;Incision de décharge : Aponévrotomie;CHIR PLASTIQUE;ELEVE;INTERMEDIAIRE;NON FAIBLE
PLA-BRU-04;Brûlures;Excision de brûlure sans couverture ou avec couverture temporaire (allo ou xénogreffe);CHIR PLASTIQUE;ELEVE;INTERMEDIAIRE;NON FAIBLE
PLA-BRU-05;Brûlures;Autogreffe cutanée;CHIR PLASTIQUE;ELEVE;INTERMEDIAIRE;NON FAIBLE
PLA-BRU-06;Brûlures;Greffe de matrice cutanée artificielle;CHIR PLASTIQUE;ELEVE;INTERMEDIAIRE;NON FAIBLE
PLA-COR-01;Corps;Brachioplastie (lifting des bras);CHIR PLASTIQUE;ELEVE;INTERMEDIAIRE;NON FAIBLE
PLA-COR-02;Corps;Cruroplastie (lifting des cuisses);CHIR PLASTIQUE;ELEVE;INTERMEDIAIRE;NON FAIBLE
PLA-COR-03;Corps;Body-lift;CHIR PLASTIQUE;ELEVE;INTERMEDIAIRE;NON FAIBLE
PLA-COR-04;Corps;Abdominoplastie (plastie abdominale);CHIR PLASTIQUE;ELEVE;INTERMEDIAIRE;NON FAIBLE
PLA-CUT-01;Cutané / teguments;Transfert adipocytaire libre : < 200 mL ET durée ≤ 2h;CHIR PLASTIQUE;ELEVE;INTERMEDIAIRE;NON FAIBLE
PLA-CUT-02;Cutané / teguments;Transfert adipocytaire libre : > 200 mL ou durée > 2h;CHIR PLASTIQUE;ELEVE;INTERMEDIAIRE;NON FAIBLE
PLA-CUT-03;Cutané / teguments;Greffes cutanées (hors brûlure);CHIR PLASTIQUE;ELEVE;INTERMEDIAIRE;NON FAIBLE
PLA-CUT-04;Cutané / teguments;Pose de substitut dermique;CHIR PLASTIQUE;ELEVE;INTERMEDIAIRE;NON FAIBLE
PLA-CUT-05;Cutané / teguments;Expansion cutanée avec prothèse : Pose de prothèse(s) d'expansion;CHIR PLASTIQUE;ELEVE;INTERMEDIAIRE;NON FAIBLE
PLA-CUT-06;Cutané / teguments;Expansion cutanée avec prothèse : Gonflage de prothèse;CHIR PLASTIQUE;ELEVE;INTERMEDIAIRE;NON FAIBLE
PLA-CUT-07;Cutané / teguments;Lambeaux libres microchirurgicaux ou pédiculés;CHIR PLASTIQUE;ELEVE;INTERMEDIAIRE;NON FAIBLE
PLA-CUT-08;Cutané / teguments;Plastie(s) cutanée(s);CHIR PLASTIQUE;ELEVE;INTERMEDIAIRE;FAIBLE
PLA-CUT-09;Cutané / teguments;Tumorectomie cutanée;CHIR PLASTIQUE;ELEVE;INTERMEDIAIRE;FAIBLE
PLA-CUT-10;Cutané / teguments;Arthrodèse avec articulation fermée;CHIR PLASTIQUE;ELEVE;INTERMEDIAIRE;NON FAIBLE
PLA-CUT-11;Cutané / teguments;Amputation;CHIR PLASTIQUE;ELEVE;INTERMEDIAIRE;NON FAIBLE
PLA-CUT-12;Cutané / teguments;Enfouissement de cartilage pour reconstruction auriculaire;CHIR PLASTIQUE;ELEVE;INTERMEDIAIRE;NON FAIBLE
PLA-CUT-13;Cutané / teguments;Lambeau à distance à pédicule ou vascularisation transitoire;CHIR PLASTIQUE;ELEVE;INTERMEDIAIRE;NON FAIBLE
PLA-CUT-14;Cutané / teguments;Chirurgie dermatologique avec résection-suture sans greffe ni lambeau;CHIR PLASTIQUE;FAIBLE;INTERMEDIAIRE;FAIBLE
PLA-CUT-15;Cutané / teguments;Greffe de peau;CHIR PLASTIQUE;ELEVE;INTERMEDIAIRE;NON FAIBLE
PLA-CUT-16;Cutané / teguments;Lambeaux;CHIR PLASTIQUE;ELEVE;INTERMEDIAIRE;NON FAIBLE
PLA-CUT-17;Cutané / teguments;Chirurgie plastique et reconstructrice de la face, du sein ou de la silhouette;CHIR PLASTIQUE;ELEVE;INTERMEDIAIRE;NON FAIBLE
PLA-FAC-01;Facial;Otoplastie;CHIR PLASTIQUE;ELEVE;INTERMEDIAIRE;FAIBLE
PLA-FAC-02;Facial;Blépharoplastie;CHIR PLASTIQUE;ELEVE;INTERMEDIAIRE;FAIBLE
PLA-FAC-03;Facial;Lifting cervico-facial ou mask-lift (durée ≤ 2h);CHIR PLASTIQUE;ELEVE;INTERMEDIAIRE;NON FAIBLE
PLA-FAC-04;Facial;Lifting cervico-facial ou mask-lift (durée > 2h, avec greffon ou remodelage osseux);CHIR PLASTIQUE;ELEVE;INTERMEDIAIRE;NON FAIBLE
PLA-FAC-05;Facial;Septo-rhinoplastie avec ou sans greffe de cartilage;CHIR PLASTIQUE;ELEVE;INTERMEDIAIRE;NON FAIBLE
PLA-FAC-06;Facial;Implants ou appositions modelantes à la face (malaire);CHIR PLASTIQUE;ELEVE;INTERMEDIAIRE;NON FAIBLE
PLA-FAC-07;Facial;Frontoplastie;CHIR PLASTIQUE;ELEVE;INTERMEDIAIRE;NON FAIBLE
PLA-FAC-08;Facial;Génioplastie (avec ou sans implant);CHIR PLASTIQUE;ELEVE;INTERMEDIAIRE;NON FAIBLE
PLA-FAC-09;Facial;Chirurgie orthognatique avec ouverture buccale;CHIR PLASTIQUE;ELEVE;INTERMEDIAIRE;NON FAIBLE
PLA-FAC-10;Facial;Autogreffes capillaires de réimplantation;CHIR PLASTIQUE;ELEVE;INTERMEDIAIRE;FAIBLE
PLA-FAC-11;Facial;Chirurgie de la face avec reconstruction par lambeau (abord endo-oral);CHIR PLASTIQUE;ELEVE;INTERMEDIAIRE;NON FAIBLE
PLA-FAC-12;Facial;Chirurgie de la face avec reconstruction par lambeau (abord extra-oral sans contamination, durée ≤ 2h);CHIR PLASTIQUE;ELEVE;INTERMEDIAIRE;NON FAIBLE
PLA-FAC-13;Facial;Chirurgie de la face avec reconstruction par lambeau (abord extra-oral sans contamination, durée > 2h);CHIR PLASTIQUE;ELEVE;INTERMEDIAIRE;NON FAIBLE
PLA-FAC-14;Facial;Laryngoplastie par cervicotomie;CHIR PLASTIQUE;ELEVE;INTERMEDIAIRE;NON FAIBLE
PLA-MAM-01;Mammaire;Reconstruction mammaire avec implant ou prothèse;CHIR PLASTIQUE;ELEVE;INTERMEDIAIRE;NON FAIBLE
PLA-MAM-02;Mammaire;Reconstruction mammaire par lambeau;CHIR PLASTIQUE;ELEVE;INTERMEDIAIRE;NON FAIBLE
PLA-MAM-03;Mammaire;Réduction mammaire;CHIR PLASTIQUE;ELEVE;INTERMEDIAIRE;NON FAIBLE
PLA-MAM-04;Mammaire;Lipofilling mammaire (<200 mL, durée ≤2h);CHIR PLASTIQUE;ELEVE;INTERMEDIAIRE;NON FAIBLE
PLA-MAM-05;Mammaire;Lipofilling mammaire (>200 mL ou durée >2h);CHIR PLASTIQUE;ELEVE;INTERMEDIAIRE;NON FAIBLE
PLA-MAM-06;Mammaire;Exérèse de gynécomastie;CHIR PLASTIQUE;ELEVE;INTERMEDIAIRE;FAIBLE
PLA-ONC-01;Oncologique;Chirurgie de ganglion sentinelle;CHIR PLASTIQUE;ELEVE;INTERMEDIAIRE;FAIBLE
PLA-ONC-02;Oncologique;Curage ganglionnaire axillaire ou inguinal seul;CHIR PLASTIQUE;ELEVE;INTERMEDIAIRE;NON FAIBLE
PLA-GEN-01;Organes génitaux;Pose de prothèse testiculaire;CHIR PLASTIQUE;ELEVE;INTERMEDIAIRE;FAIBLE
PLA-GEN-02;Organes génitaux;Pose de prothèse pénienne;CHIR PLASTIQUE;ELEVE;INTERMEDIAIRE;NON FAIBLE
PLA-GEN-03;Organes génitaux;Armature d'un néo-pénis;CHIR PLASTIQUE;ELEVE;INTERMEDIAIRE;NON FAIBLE
PLA-GEN-04;Organes génitaux;Pose de prothèses gonflables (hydrauliques) avec composants extra-caverneux;CHIR PLASTIQUE;ELEVE;INTERMEDIAIRE;NON FAIBLE
PLA-GEN-05;Organes génitaux;Pose de prothèses semi-rigides;CHIR PLASTIQUE;ELEVE;INTERMEDIAIRE;NON FAIBLE
PLA-GEN-06;Organes génitaux;Urétroplastie, vaginoplastie et vestibuloplastie avec enfouissement ou réduction du clitoris, pour féminisation;CHIR PLASTIQUE;ELEVE;INTERMEDIAIRE;NON FAIBLE
PLA-GEN-07;Organes génitaux;Création d'un néo-vagin et d'une néo-vulve +/- greffe de peau;CHIR PLASTIQUE;ELEVE;INTERMEDIAIRE;NON FAIBLE
PLA-GEN-08;Organes génitaux;Plastie des organes génitaux externes pour transsexualisme masculin;CHIR PLASTIQUE;ELEVE;INTERMEDIAIRE;NON FAIBLE
PLA-GEN-09;Organes génitaux;Création d'un néo-vagin avec un segment intestinal : veille au soir;CHIR PLASTIQUE;ELEVE;INTERMEDIAIRE;NON FAIBLE
PLA-GEN-10;Organes génitaux;Création d'un néo-vagin avec un segment intestinal : lors de la chirurgie;CHIR PLASTIQUE;ELEVE;INTERMEDIAIRE;NON FAIBLE
PLA-GEN-11;Organes génitaux;Phalloplastie par lambeau inguinal pédiculé, ou lambeau cutané libre, ou lambeau cutané tubulé pénien;CHIR PLASTIQUE;ELEVE;INTERMEDIAIRE;NON FAIBLE
PLA-GEN-12;Organes génitaux;Métoïdioplastie;CHIR PLASTIQUE;ELEVE;INTERMEDIAIRE;NON FAIBLE
CVIS-BAR-01;Bariatrique;Gastroplastie avec anneau gastrique ajustable;CHIR VISCERALE;ELEVE;INTERMEDIAIRE;NON FAIBLE
CVIS-BAR-02;Bariatrique;Sleeve gastrectomie / Bypass en Y / Bypass en oméga;CHIR VISCERALE;ELEVE;INTERMEDIAIRE;NON FAIBLE
CVIS-BAR-03;Bariatrique;Dérivation biliopancréatique avec switch duodénal (BPD-DS) / SADI-S / Bipartition du Transit avec Sleeve;CHIR VISCERALE;ELEVE;INTERMEDIAIRE;NON FAIBLE
CVIS-BAR-04;Bariatrique;Nissen-Sleeve / Endo-Sleeve / Toute révision de chirurgie bariatrique;CHIR VISCERALE;ELEVE;INTERMEDIAIRE;NON FAIBLE
CVIS-FOI-01;Foie / VBP / pancréas / rate;Cholécystectomie élective par laparoscopie (patients à haut risque);CHIR VISCERALE;ELEVE;INTERMEDIAIRE;NON FAIBLE
CVIS-FOI-02;Foie / VBP / pancréas / rate;Cholécystectomie élective par laparoscopie (patients à faible risque);CHIR VISCERALE;ELEVE;INTERMEDIAIRE;NON FAIBLE
CVIS-FOI-03;Foie / VBP / pancréas / rate;Cholécystectomie, par laparotomie;CHIR VISCERALE;ELEVE;INTERMEDIAIRE;NON FAIBLE
CVIS-FOI-04;Foie / VBP / pancréas / rate;Cholécystectomie avec ablation transcystique de calcul de la voie biliaire principale;CHIR VISCERALE;ELEVE;INTERMEDIAIRE;NON FAIBLE
CVIS-FOI-05;Foie / VBP / pancréas / rate;Cholécystectomie avec ablation de calcul de la voie biliaire principale par cholédocotomie;CHIR VISCERALE;ELEVE;INTERMEDIAIRE;NON FAIBLE
CVIS-FOI-06;Foie / VBP / pancréas / rate;Ablation de calcul de la voie biliaire principale, par laparoscopie ou laparotomie;CHIR VISCERALE;ELEVE;INTERMEDIAIRE;NON FAIBLE
CVIS-FOI-07;Foie / VBP / pancréas / rate;Cholécystectomie avec cholédoco-jéjunostomie;CHIR VISCERALE;ELEVE;INTERMEDIAIRE;NON FAIBLE
CVIS-FOI-08;Foie / VBP / pancréas / rate;Résection de la voie biliaire principale pédiculaire avec anastomose bilio-digestive, par laparotomie;CHIR VISCERALE;ELEVE;INTERMEDIAIRE;NON FAIBLE
CVIS-FOI-09;Foie / VBP / pancréas / rate;Hépatectomie sans chirurgie des voies biliaires;CHIR VISCERALE;ELEVE;INTERMEDIAIRE;NON FAIBLE
CVIS-FOI-10;Foie / VBP / pancréas / rate;Chirurgie des kystes hépatiques simples;CHIR VISCERALE;ELEVE;INTERMEDIAIRE;NON FAIBLE
CVIS-FOI-11;Foie / VBP / pancréas / rate;Splénectomie;CHIR VISCERALE;ELEVE;INTERMEDIAIRE;NON FAIBLE
CVIS-FOI-12;Foie / VBP / pancréas / rate;Chirurgie pancréatique;CHIR VISCERALE;ELEVE;INTERMEDIAIRE;NON FAIBLE
CVIS-FOI-13;Foie / VBP / pancréas / rate;Duodéno-pancréatectomie céphalique (DPC) sans geste de drainage biliaire préopératoire;CHIR VISCERALE;ELEVE;INTERMEDIAIRE;NON FAIBLE
CVIS-FOI-14;Foie / VBP / pancréas / rate;Duodéno-pancréatectomie totale (DPT) sans geste de drainage biliaire préopératoire;CHIR VISCERALE;ELEVE;INTERMEDIAIRE;NON FAIBLE
CVIS-FOI-15;Foie / VBP / pancréas / rate;DPC ou DPT pour ampullome ou avec antécédent de drainage biliaire ou de sphinctérotomie préopératoires;CHIR VISCERALE;ELEVE;INTERMEDIAIRE;NON FAIBLE
CVIS-FOI-16;Foie / VBP / pancréas / rate;Transplantation de foie total;CHIR VISCERALE;ELEVE;INTERMEDIAIRE;NON FAIBLE
CVIS-FOI-17;Foie / VBP / pancréas / rate;Transplantation de foie réduit;CHIR VISCERALE;ELEVE;INTERMEDIAIRE;NON FAIBLE
CVIS-FOI-18;Foie / VBP / pancréas / rate;Transplantation du pancréas;CHIR VISCERALE;ELEVE;INTERMEDIAIRE;NON FAIBLE
CVIS-FOI-19;Foie / VBP / pancréas / rate;Transplantation du pancréas et du rein;CHIR VISCERALE;ELEVE;INTERMEDIAIRE;NON FAIBLE
CVIS-INT-01;Intestin / côlon / rectum / anus;Résection de l'intestin grêle;CHIR VISCERALE;ELEVE;INTERMEDIAIRE;NON FAIBLE
CVIS-INT-02;Intestin / côlon / rectum / anus;Entérostomie cutanée, par laparotomie;CHIR VISCERALE;ELEVE;INTERMEDIAIRE;NON FAIBLE
CVIS-INT-03;Intestin / côlon / rectum / anus;Colectomie;CHIR VISCERALE;ELEVE;INTERMEDIAIRE;NON FAIBLE
CVIS-INT-04;Intestin / côlon / rectum / anus;Amputation abdomino-périnéale;CHIR VISCERALE;ELEVE;INTERMEDIAIRE;NON FAIBLE
CVIS-INT-05;Intestin / côlon / rectum / anus;Proctectomie;CHIR VISCERALE;ELEVE;INTERMEDIAIRE;NON FAIBLE
CVIS-INT-06;Intestin / côlon / rectum / anus;Rétablissement de continuité;CHIR VISCERALE;ELEVE;INTERMEDIAIRE;NON FAIBLE
CVIS-INT-07;Intestin / côlon / rectum / anus;Appendicectomie programmée;CHIR VISCERALE;ELEVE;INTERMEDIAIRE;NON FAIBLE
CVIS-INT-08;Intestin / côlon / rectum / anus;Hémorroïdes;CHIR VISCERALE;ELEVE;INTERMEDIAIRE;NON FAIBLE
CVIS-INT-09;Intestin / côlon / rectum / anus;Kyste pilonidal;CHIR VISCERALE;ELEVE;INTERMEDIAIRE;NON FAIBLE
CVIS-INT-10;Intestin / côlon / rectum / anus;Fistule anale;CHIR VISCERALE;ELEVE;INTERMEDIAIRE;NON FAIBLE
CVIS-HER-01;Paroi / hernies;Cure de hernie inguinale et crurale avec prothèse (voie ouverte ou laparoscopique);CHIR VISCERALE;ELEVE;INTERMEDIAIRE;FAIBLE
CVIS-HER-02;Paroi / hernies;Cure de hernie de l'aine sans prothèse;CHIR VISCERALE;ELEVE;INTERMEDIAIRE;FAIBLE
CVIS-HER-03;Paroi / hernies;Cure de hernie inguinale, fémorale, ombilicale, ligne blanche;CHIR VISCERALE;ELEVE;INTERMEDIAIRE;FAIBLE
CVIS-HER-04;Paroi / hernies;Cure d'éventration / éviscération;CHIR VISCERALE;ELEVE;INTERMEDIAIRE;NON FAIBLE
CVIS-OES-01;Œsophage / estomac;Œsophagectomie;CHIR VISCERALE;ELEVE;INTERMEDIAIRE;NON FAIBLE
CVIS-OES-02;Œsophage / estomac;Excision de tumeur de l'œsophage;CHIR VISCERALE;ELEVE;INTERMEDIAIRE;NON FAIBLE
CVIS-OES-03;Œsophage / estomac;Traitement d'un diverticule de l'œsophage;CHIR VISCERALE;ELEVE;INTERMEDIAIRE;NON FAIBLE
CVIS-OES-04;Œsophage / estomac;Gastrectomie totale, totalisation de gastrectomie;CHIR VISCERALE;ELEVE;INTERMEDIAIRE;NON FAIBLE
CVIS-OES-05;Œsophage / estomac;Gastrectomie partielle;CHIR VISCERALE;ELEVE;INTERMEDIAIRE;NON FAIBLE
END-COL-01;Coloscopie;Coloscopie;ENDOSCOPIE DIGESTIVE;ELEVE;INTERMEDIAIRE;FAIBLE
END-CPR-01;CPRE;CPRE sans sphinctérotomie;ENDOSCOPIE DIGESTIVE;FAIBLE;FAIBLE;FAIBLE
END-CPR-03;CPRE;Dilatation et pose de prothèses biliaires ou pancréatiques avec drainage complet;ENDOSCOPIE DIGESTIVE;FAIBLE;INTERMEDIAIRE;NON FAIBLE
END-CPR-04;CPRE;Extraction de calculs biliaires ou pancréatiques, avec ou sans lithotritie mécanique, avec drainage biliaire complet satisfaisant;ENDOSCOPIE DIGESTIVE;FAIBLE;INTERMEDIAIRE;NON FAIBLE
END-CPR-05;CPRE;CPRE avec sphinctérotomie;ENDOSCOPIE DIGESTIVE;ELEVE;INTERMEDIAIRE;NON FAIBLE
END-DIG-01;Entéroscopie;Entéroscopie simple ou double ballon sans polypectomie;ENDOSCOPIE DIGESTIVE;FAIBLE;FAIBLE;FAIBLE
END-DIG-02;Entéroscopie;Entéroscopie spiralée;ENDOSCOPIE DIGESTIVE;ELEVE;INTERMEDIAIRE;NON FAIBLE
END-DIG-03;Entéroscopie;Traitement des fistules post-opératoires;ENDOSCOPIE DIGESTIVE;ELEVE;INTERMEDIAIRE;NON FAIBLE
END-DIG-04;Fibroscopie digestive haute;Fibroscopie oeso-gastro-duodénale diagnostique, avec ou sans biopsie;ENDOSCOPIE DIGESTIVE;FAIBLE;FAIBLE;FAIBLE
END-DIG-05;Fibroscopie digestive haute;Fibroscopie oeso-gastro-duodénale thérapeutique : dilatation ou pose de prothèse;ENDOSCOPIE DIGESTIVE;ELEVE;INTERMEDIAIRE;NON FAIBLE
END-DIG-169b;;Fibroscopie oeso-gastro-duodénale thérapeutique : mucosectomie ou dissection sous-muqueuse;;ELEVE;ELEVE;NON FAIBLE
END-DIG-06;Fibroscopie digestive haute;Pose de stent œsophagien, entéral ou colique;ENDOSCOPIE DIGESTIVE;FAIBLE;INTERMEDIAIRE;NON FAIBLE
END-DIG-07;Fibroscopie digestive haute;Dilatation de sténoses;ENDOSCOPIE DIGESTIVE;ELEVE;INTERMEDIAIRE;NON FAIBLE
END-DIG-08;Fibroscopie digestive haute;Radiofréquence œsophagienne;ENDOSCOPIE DIGESTIVE;ELEVE;INTERMEDIAIRE;NON FAIBLE
END-DIG-09;Fibroscopie digestive haute;Électrocoagulation au plasma Argon (APC);ENDOSCOPIE DIGESTIVE;ELEVE;INTERMEDIAIRE;NON FAIBLE
END-DIG-10;Gastrostomie;Pose de gastrostomie, par voie transcutanée avec guidage endoscopique;ENDOSCOPIE DIGESTIVE;ELEVE;INTERMEDIAIRE;NON FAIBLE
END-COL-02;Coloscopie;Polypectomie;ENDOSCOPIE DIGESTIVE;ELEVE;INTERMEDIAIRE;FAIBLE
END-DIG-12;Fibroscopie digestive haute;Ampullectomie;ENDOSCOPIE DIGESTIVE;ELEVE;ELEVE;NON FAIBLE
END-DIG-13;Thérapeutique avancée;Nécrosectomie endoscopique;ENDOSCOPIE DIGESTIVE;ELEVE;INTERMEDIAIRE;NON FAIBLE
END-DIG-14;Thérapeutique avancée;POEM (Per Oral Endoscopic Myotomy);ENDOSCOPIE DIGESTIVE;ELEVE;INTERMEDIAIRE;NON FAIBLE
END-DIG-15;Thérapeutique avancée;Gastroplastie endoscopique;ENDOSCOPIE DIGESTIVE;ELEVE;INTERMEDIAIRE;NON FAIBLE
END-VAR-01;Varices;Sclérose et/ou ligature de varices œsogastriques, en dehors de la période hémorragique;ENDOSCOPIE DIGESTIVE;ELEVE;INTERMEDIAIRE;NON FAIBLE
END-VAR-02;Varices;Sclérose et/ou ligature de varices œsogastriques en période hémorragique;ENDOSCOPIE DIGESTIVE;ELEVE;INTERMEDIAIRE;NON FAIBLE
END-ECH-01;Échoendoscopie;Ponction de lésion tissulaire pancréatique ou extra pancréatique, para-œsophagienne, para-gastrique, para-duodénale ou pararectale;ENDOSCOPIE DIGESTIVE;ELEVE;INTERMEDIAIRE;FAIBLE
END-ECH-02;Échoendoscopie;Ponction de lésion kystique pancréatique sans facteur de risque d'infection;ENDOSCOPIE DIGESTIVE;ELEVE;ELEVE;FAIBLE
END-ECH-03;Échoendoscopie;Ponction de lésion kystique pancréatique avec facteur(s) de risque d'infection liés au geste endoscopique (saignement intra-kystique, absence de vidange complète de la lésion kystique après ponction) et/ou au patient (contexte d'immunosuppression, ou haut risque d'endocardite infectieuse);ENDOSCOPIE DIGESTIVE;ELEVE;ELEVE;FAIBLE
END-ECH-04;Échoendoscopie;Kysto-gastrostomie;ENDOSCOPIE DIGESTIVE;ELEVE;INTERMEDIAIRE;FAIBLE
END-ECH-05;Échoendoscopie;Ponction de liquide d'ascite, avec ou sans ponction de nodule péritonéal perendoscopique (i.e. à travers le tube digestif);ENDOSCOPIE DIGESTIVE;ELEVE;INTERMEDIAIRE;FAIBLE
END-ECH-06;Échoendoscopie;Ponction liquide pleural per endoscopique (i.e. à travers le tube digestif);ENDOSCOPIE DIGESTIVE;ELEVE;INTERMEDIAIRE;FAIBLE
END-ECH-07;Échoendoscopie;Constitution d'une anastomose gastro-jéjunale sous écho-endoscopie;ENDOSCOPIE DIGESTIVE;ELEVE;INTERMEDIAIRE;NON FAIBLE
END-ECH-08;Échoendoscopie;Échoendoscopie diagnostique;ENDOSCOPIE DIGESTIVE;FAIBLE;FAIBLE;FAIBLE
END-ECH-09;Échoendoscopie;Échoendoscopie avec biopsie;ENDOSCOPIE DIGESTIVE;ELEVE;INTERMEDIAIRE;FAIBLE
END-ECH-10;Échoendoscopie;Échoendoscopie thérapeutique;ENDOSCOPIE DIGESTIVE;ELEVE;INTERMEDIAIRE;NON FAIBLE
GYN-BIO-01;Biopsie;Biopsie du col, de l'endomètre, de la vulve ou du sein;GYNECOLOGIE;FAIBLE;INTERMEDIAIRE;FAIBLE
GYN-CEL-01;Cœlioscopie;Salpingectomie par cœlioscopie avec trocart 3–5 mm;GYNECOLOGIE;FAIBLE;INTERMEDIAIRE;NON FAIBLE
GYN-CEL-02;Cœlioscopie;Cœlioscopie exploratrice;GYNECOLOGIE;ELEVE;INTERMEDIAIRE;NON FAIBLE
GYN-CEL-03;Cœlioscopie;Annexectomie, ovariectomie, kystectomie ovarienne par cœlioscopie;GYNECOLOGIE;ELEVE;INTERMEDIAIRE;NON FAIBLE
GYN-CEL-04;Cœlioscopie;Chirurgie cœlioscopique de l'endométriose (y compris résection digestive);GYNECOLOGIE;ELEVE;INTERMEDIAIRE;NON FAIBLE
GYN-CEL-05;Cœlioscopie;Curage pelvien et/ou lombo-aortique par cœlioscopie;GYNECOLOGIE;ELEVE;INTERMEDIAIRE;NON FAIBLE
GYN-PON-01;Ponction / drainage / injection;Ponction superficielle (lymphocèle…) / Drainage d'abcès superficiel (bartholinite, abcès mammaire);GYNECOLOGIE;FAIBLE;FAIBLE;FAIBLE
GYN-PON-02;Ponction / drainage / injection;Traitement de l'incontinence par agents comblants ou toxine botulique intra-détrusorienne;GYNECOLOGIE;FAIBLE;INTERMEDIAIRE;NON FAIBLE
GYN-PMA-01;Procréation médicalement assistée;Ponction ovocytaire transvaginale (FIV, ICSI);GYNECOLOGIE;FAIBLE;INTERMEDIAIRE;FAIBLE
GYN-PMA-02;Procréation médicalement assistée;Transfert embryonnaire intra-utérin;GYNECOLOGIE;FAIBLE;FAIBLE;FAIBLE
GYN-RI-01;Radiologie interventionnelle gynéco;Embolisation de fibromes utérins;GYNECOLOGIE;ELEVE;INTERMEDIAIRE;NON FAIBLE
GYN-RI-02;Radiologie interventionnelle gynéco;Embolisation de varices pelviennes;GYNECOLOGIE;ELEVE;INTERMEDIAIRE;NON FAIBLE
GYN-RI-03;Radiologie interventionnelle gynéco;Embolisation des artères iliaques internes pour hémorragie du post-partum;GYNECOLOGIE;ELEVE;INTERMEDIAIRE;NON FAIBLE
GYN-SEN-01;Sein oncologique;Tumorectomie mammaire superficielle (sous anesthésie locale), sans curage ni sentinelle;GYNECOLOGIE;ELEVE;INTERMEDIAIRE;NON FAIBLE
GYN-SEN-02;Sein oncologique;Tumorectomie mammaire avec ganglion sentinelle ou curage axillaire;GYNECOLOGIE;ELEVE;INTERMEDIAIRE;NON FAIBLE
GYN-SEN-03;Sein oncologique;Mastectomie partielle ou totale, avec ou sans curage, reconstruction immédiate (implant, lambeau, RMI), lipomodelage;GYNECOLOGIE;ELEVE;INTERMEDIAIRE;NON FAIBLE
GYN-UTE-01a;Utérus;Hystéroscopie diagnostique;GYNECOLOGIE;FAIBLE;FAIBLE;FAIBLE
GYN-UTE-01b;;Hystéroscopie opératoire : polypes, synéchie, cloison, destruction de l'endomètre (thermocoagulation), ablation de stérilet;;FAIBLE;INTERMEDIAIRE;NON FAIBLE
GYN-UTE-02;Utérus;Résection de fibrome par voie endoscopique (hystéroscopie);GYNECOLOGIE;ELEVE;INTERMEDIAIRE;NON FAIBLE
GYN-UTE-03;Utérus;Myomectomie par laparotomie ou cœlioscopie;GYNECOLOGIE;ELEVE;INTERMEDIAIRE;NON FAIBLE
GYN-UTE-04;Utérus;Hystérectomie subtotale sans temps vaginal;GYNECOLOGIE;ELEVE;INTERMEDIAIRE;NON FAIBLE
GYN-UTE-05;Utérus;Hystérectomie totale par voie abdominale (laparotomie ou cœlioscopie);GYNECOLOGIE;ELEVE;INTERMEDIAIRE;NON FAIBLE
GYN-UTE-06;Utérus;Hystérectomie par voie vaginale;GYNECOLOGIE;ELEVE;INTERMEDIAIRE;NON FAIBLE
GYN-UTE-07;Utérus;Conisation / amputation du col;GYNECOLOGIE;ELEVE;INTERMEDIAIRE;FAIBLE
GYN-UTE-08;Utérus;Cure de prolapsus (hystéropexie, promontofixation, colpopérinéorraphie);GYNECOLOGIE;ELEVE;INTERMEDIAIRE;NON FAIBLE
GYN-UTE-09;Utérus;Traitement chirurgical de l'incontinence urinaire d'effort (TOT, TVT, bandelette);GYNECOLOGIE;ELEVE;INTERMEDIAIRE;NON FAIBLE
GYN-VVP-01;Vulve / vagin / périnée;Chirurgie vulvaire superficielle sans curage (nymphoplastie, périnéotomie simple, destruction lésions vulvaires);GYNECOLOGIE;FAIBLE;INTERMEDIAIRE;NON FAIBLE
GYN-VVP-02;Vulve / vagin / périnée;Fistule génitale (vésico-vaginale, recto-vaginale);GYNECOLOGIE;ELEVE;INTERMEDIAIRE;NON FAIBLE
GYN-VVP-03;Vulve / vagin / périnée;Vulvectomie partielle avec curage lymphonodal inguinal;GYNECOLOGIE;ELEVE;INTERMEDIAIRE;NON FAIBLE
GYN-VVP-04;Vulve / vagin / périnée;Vulvectomie totale avec ou sans curage inguinal et/ou iliaque;GYNECOLOGIE;ELEVE;INTERMEDIAIRE;NON FAIBLE
GYN-VVP-05;Vulve / vagin / périnée;Plasties vulvaires et périnéales (hors simple);GYNECOLOGIE;ELEVE;INTERMEDIAIRE;NON FAIBLE
NEURO-CRA-01;Crâne;Chirurgie crânienne (toute indication);NEUROCHIRURGIE;TRES ELEVE;TRES ELEVE;NON FAIBLE
NEURO-CRA-02;Crâne;Exérèse d'une tumeur gliale / schwannome vestibulaire / méningiome intra-canalaire cervical;NEUROCHIRURGIE;TRES ELEVE;TRES ELEVE;NON FAIBLE
NEURO-CRA-03;Crâne;Craniotomie (y compris ventriculoscopie, visiochirurgie intracrânienne);NEUROCHIRURGIE;TRES ELEVE;TRES ELEVE;NON FAIBLE
NEURO-CRA-04;Crâne;Chirurgie intracrânienne par voie trans-sphénoïdale ou trans-labyrinthique;NEUROCHIRURGIE;TRES ELEVE;TRES ELEVE;NON FAIBLE
NEURO-CRA-05;Crâne;Plaie crânio-cérébrale pénétrante;NEUROCHIRURGIE;TRES ELEVE;TRES ELEVE;NON FAIBLE
NEURO-DER-01;Dérivations;Dérivation ventriculo-péritonéale (DVP) ou ventriculo-atriale (DVA);NEUROCHIRURGIE;TRES ELEVE;TRES ELEVE;NON FAIBLE
NEURO-DER-02;Dérivations;Dérivation ventriculaire externe (DVE) ou lombaire externe (DLE);NEUROCHIRURGIE;TRES ELEVE;TRES ELEVE;NON FAIBLE
NEURO-RAC-01;Rachis;Rachis : chirurgie avec ouverture durale;NEUROCHIRURGIE;TRES ELEVE;TRES ELEVE;NON FAIBLE
NEURO-RAC-02;Rachis;Rachis : chirurgie sans ouverture durale avec matériel (arthrodèse, ostéosynthèse, cimentoplastie, etc.);NEUROCHIRURGIE;ELEVE;ELEVE;NON FAIBLE
NEURO-RAC-03;Rachis;Rachis : ablation de matériel;NEUROCHIRURGIE;ELEVE;ELEVE;NON FAIBLE
NEURO-RAC-04;Rachis;Rachis : canal lombaire étroit, laminectomie, voie endoscopique, etc. (sans pose de matériel);NEUROCHIRURGIE;ELEVE;ELEVE;NON FAIBLE
NEURO-STI-01;Stimulateurs;Pose de pompe à destination médullaire;NEUROCHIRURGIE;TRES ELEVE;TRES ELEVE;NON FAIBLE
NEURO-STI-02;Stimulateurs;Pose d'électrode de stimulation cérébrale ou médullaire;NEUROCHIRURGIE;TRES ELEVE;TRES ELEVE;NON FAIBLE
NEURO-STI-03;Stimulateurs;Pose de stimulateur (boîtier);NEUROCHIRURGIE;TRES ELEVE;TRES ELEVE;NON FAIBLE
NEURO-STI-04;Stimulateurs;Mise en place d'électrodes de SEEG (stéréo-électroencéphalographie);NEUROCHIRURGIE;TRES ELEVE;TRES ELEVE;NON FAIBLE
OPH-ANT-01;Segment antérieur (cornée, cristallin);Chirurgie de la cataracte (simple ou combinée);OPHTALMO;FAIBLE;FAIBLE;FAIBLE
OPH-ANT-02;Segment antérieur (cornée, cristallin);Chirurgie de la cornée (greffe, kératotomie, etc.);OPHTALMO;FAIBLE;FAIBLE;FAIBLE
OPH-ANT-03;Segment antérieur (cornée, cristallin);IVT (injection intravitréenne);OPHTALMO;FAIBLE;FAIBLE;FAIBLE
OPH-ANT-04;Segment antérieur (cornée, cristallin);Chalazion;OPHTALMO;FAIBLE;FAIBLE;FAIBLE
OPH-ANT-05;Segment antérieur (cornée, cristallin);Petite chirurgie palpébrale;OPHTALMO;FAIBLE;FAIBLE;FAIBLE
OPH-POST-01;Segment postérieur (rétine, vitré, glaucome);Vitrectomie;OPHTALMO;ELEVE;INTERMEDIAIRE;FAIBLE
OPH-POST-02;Segment postérieur (rétine, vitré, glaucome);Décollement de rétine;OPHTALMO;ELEVE;INTERMEDIAIRE;FAIBLE
OPH-POST-03;Segment postérieur (rétine, vitré, glaucome);Blépharoplastie / ptosis;OPHTALMO;ELEVE;INTERMEDIAIRE;FAIBLE
OPH-POST-04;Segment postérieur (rétine, vitré, glaucome);Chirurgie filtrante du glaucome;OPHTALMO;ELEVE;ELEVE;FAIBLE
OPH-POST-05;Segment postérieur (rétine, vitré, glaucome);Chirurgie orbitaire;OPHTALMO;ELEVE;ELEVE;NON FAIBLE
OPH-POST-06;Segment postérieur (rétine, vitré, glaucome);Chirurgie palpébrale profonde / post-septale;OPHTALMO;ELEVE;ELEVE;NON FAIBLE
OPH-TRA-01;Traumatisme oculaire / peau;Traumatisme à globe ouvert;OPHTALMO;ELEVE;ELEVE;NON FAIBLE
OPH-TRA-02;Traumatisme oculaire / peau;Plaie palpébrale / cutanée périorbitaire;OPHTALMO;ELEVE;INTERMEDIAIRE;FAIBLE
ORL/CMF-CAR-01;Cancérologie;Panendoscopie des VADS;ORL - CMF;FAIBLE;INTERMEDIAIRE;FAIBLE
OPH-ALR-01;ALR;ALR péri-bulbaire;OPHTALMO;FAIBLE;INTERMEDIAIRE;FAIBLE
OPH-ALR-02;ALR;ALR rétro-bulbaire (anesthésie rétrobulbaire);OPHTALMO;ELEVE;ELEVE;FAIBLE
ORL/CMF-CAR-02;Cancérologie;Diverticule de Zenker par voie endoscopique;ORL - CMF;FAIBLE;INTERMEDIAIRE;NON FAIBLE
ORL/CMF-CAR-03;Cancérologie;Chirurgie carcinologique sans reconstruction : laryngectomie partielle ou totale, pharyngo-laryngectomie, oropharyngectomie, glossectomie, pelvectomie, maxillectomie…;ORL - CMF;ELEVE;INTERMEDIAIRE;NON FAIBLE
ORL/CMF-CAR-04;Cancérologie;Chirurgie carcinologique avec lambeau libre ou pédiculé cervico-facial;ORL - CMF;ELEVE;INTERMEDIAIRE;NON FAIBLE
ORL/CMF-CAR-05;Cancérologie;Curage cervical;ORL - CMF;ELEVE;INTERMEDIAIRE;NON FAIBLE
ORL/CMF-FAC-01;Cervico-facial;Adénectomie simple (décollement limité);ORL - CMF;FAIBLE;INTERMEDIAIRE;FAIBLE
ORL/CMF-FAC-02;Cervico-facial;Trachéotomie urgente (à discuter selon le contexte);ORL - CMF;ELEVE;INTERMEDIAIRE;NON FAIBLE
ORL/CMF-FAC-03;Cervico-facial;Trachéotomie programmée;ORL - CMF;ELEVE;INTERMEDIAIRE;NON FAIBLE
ORL/CMF-FAC-04;Cervico-facial;Chirurgie des glandes salivaires sans accès par la cavité bucco-pharyngée : parotidectomie, submandibulectomie;ORL - CMF;ELEVE;INTERMEDIAIRE;NON FAIBLE
ORL/CMF-FAC-05;Cervico-facial;Chirurgie des glandes salivaires avec accès par la cavité bucco-pharyngée;ORL - CMF;ELEVE;INTERMEDIAIRE;NON FAIBLE
ORL/CMF-FAC-06;Cervico-facial;Loboisthmectomie / Thyroïdectomie / Parathyroïdectomie;ORL - CMF;ELEVE;INTERMEDIAIRE;NON FAIBLE
ORL/CMF-FAC-07;Cervico-facial;Exérèse kyste du tractus thyréoglosse / Cervicotomie pour tumeurs bénignes;ORL - CMF;ELEVE;INTERMEDIAIRE;NON FAIBLE
ORL/CMF-FAC-08;Cervico-facial;Exérèse d'un diverticule de Zenker par cervicotomie;ORL - CMF;ELEVE;INTERMEDIAIRE;NON FAIBLE
ORL/CMF-FAC-09;Cervico-facial;Réduction pomme d'Adam;ORL - CMF;ELEVE;INTERMEDIAIRE;FAIBLE
ORL/CMF-SOM-01;Chirurgie du sommeil;Endoscopie sous sommeil induit;ORL - CMF;Nul = pas d'arrêt;FAIBLE;FAIBLE
ORL/CMF-SOM-02;Chirurgie du sommeil;Amygdalectomie;ORL - CMF;ELEVE;INTERMEDIAIRE;NON FAIBLE
ORL/CMF-SOM-03;Chirurgie du sommeil;Chirurgie vélaire / Pharyngoplastie d'expansion;ORL - CMF;ELEVE;INTERMEDIAIRE;NON FAIBLE
ORL/CMF-SOM-04;Chirurgie du sommeil;Basiglossectomie (voie endoscopique ou robot assistée);ORL - CMF;ELEVE;INTERMEDIAIRE;NON FAIBLE
ORL/CMF-SOM-05;Chirurgie du sommeil;Épiglottectomie partielle;ORL - CMF;ELEVE;INTERMEDIAIRE;NON FAIBLE
ORL/CMF-SOM-06;Chirurgie du sommeil;Chirurgie orthognatique;ORL - CMF;ELEVE;INTERMEDIAIRE;NON FAIBLE
ORL/CMF-LAR-01;Laryngologie;Laryngoscopie en suspension avec biopsie simple;ORL - CMF;FAIBLE;INTERMEDIAIRE;FAIBLE
ORL/CMF-LAR-02;Laryngologie;Exérèse endoscopique limitée de lésion bénigne du larynx;ORL - CMF;FAIBLE;INTERMEDIAIRE;FAIBLE
ORL/CMF-LAR-03;Laryngologie;Injection endolaryngée (hors prélèvement graisse abdominale);ORL - CMF;FAIBLE;INTERMEDIAIRE;FAIBLE
ORL/CMF-LAR-04;Laryngologie;Dilatation laryngotrachéale simple;ORL - CMF;FAIBLE;INTERMEDIAIRE;FAIBLE
ORL/CMF-LAR-05;Laryngologie;Laryngoplastie de féminisation de la voix par voie endoscopique (type Wendler);ORL - CMF;FAIBLE;INTERMEDIAIRE;NON FAIBLE
ORL/CMF-LAR-06;Laryngologie;Injection laryngée avec prélèvement de graisse abdominale;ORL - CMF;ELEVE;INTERMEDIAIRE;NON FAIBLE
ORL/CMF-LAR-07;Laryngologie;Laryngoplastie de féminisation de la voix par voie externe;ORL - CMF;ELEVE;INTERMEDIAIRE;NON FAIBLE
ORL/CMF-PED-01;ORL pédiatrique;ATT (pédiatrique);ORL - CMF;FAIBLE;INTERMEDIAIRE;FAIBLE
ORL/CMF-PED-02;ORL pédiatrique;Kystes dermoïdes sous-cutanés;ORL - CMF;FAIBLE;INTERMEDIAIRE;FAIBLE
ORL/CMF-PED-03;ORL pédiatrique;Amygdalectomie (pédiatrique);ORL - CMF;ELEVE;INTERMEDIAIRE;NON FAIBLE
ORL/CMF-PED-04;ORL pédiatrique;Adénoïdectomie;ORL - CMF;ELEVE;INTERMEDIAIRE;FAIBLE
ORL/CMF-PED-05;ORL pédiatrique;Chirurgie endoscopique du larynx de l'enfant;ORL - CMF;ELEVE;INTERMEDIAIRE;NON FAIBLE
ORL/CMF-PED-06;ORL pédiatrique;Chirurgies par voies externes du larynx et de la trachée (résections anastomoses et plasties d'agrandissement);ORL - CMF;ELEVE;INTERMEDIAIRE;NON FAIBLE
ORL/CMF-PED-07;ORL pédiatrique;Angiofibromes nasopharyngés;ORL - CMF;ELEVE;INTERMEDIAIRE;NON FAIBLE
ORL/CMF-PED-08;ORL pédiatrique;Orbitotomie par voie externe / KTT;ORL - CMF;ELEVE;INTERMEDIAIRE;NON FAIBLE
ORL/CMF-PED-09;ORL pédiatrique;Malformations lymphatiques / Kystes et fistules branchiaux;ORL - CMF;ELEVE;INTERMEDIAIRE;NON FAIBLE
ORL/CMF-OTO-01;Otologie;Examen sous anesthésie générale;ORL - CMF;FAIBLE;INTERMEDIAIRE;FAIBLE
ORL/CMF-OTO-02;Otologie;Extraction de corps étranger auriculaire;ORL - CMF;FAIBLE;INTERMEDIAIRE;FAIBLE
ORL/CMF-OTO-03;Otologie;Aérateurs transtympaniques (ATT) / Myringotomie;ORL - CMF;FAIBLE;INTERMEDIAIRE;FAIBLE
ORL/CMF-OTO-04;Otologie;Pose de pilier pour ancrage osseux;ORL - CMF;FAIBLE;INTERMEDIAIRE;FAIBLE
ORL/CMF-OTO-05;Otologie;Otoplastie / Méatoplastie / Canaloplastie;ORL - CMF;ELEVE;INTERMEDIAIRE;FAIBLE
ORL/CMF-OTO-06;Otologie;Chirurgie des tympans (tympanoplastie, myringoplastie);ORL - CMF;ELEVE;INTERMEDIAIRE;NON FAIBLE
ORL/CMF-OTO-07;Otologie;Chirurgie de la chaîne ossiculaire (ossiculoplastie, otospongiose…);ORL - CMF;ELEVE;INTERMEDIAIRE;NON FAIBLE
ORL/CMF-OTO-08;Otologie;Chirurgie de cholestéatome;ORL - CMF;ELEVE;INTERMEDIAIRE;NON FAIBLE
ORL/CMF-OTO-09;Otologie;Implants cochléaires / implants d'oreille moyenne / implants à ancrage osseux;ORL - CMF;ELEVE;INTERMEDIAIRE;NON FAIBLE
ORL/CMF-OTO-10;Otologie;Pétrectomies;ORL - CMF;ELEVE;INTERMEDIAIRE;NON FAIBLE
ORL/CMF-OTO-11;Otologie;Chirurgie du sac endolymphatique;ORL - CMF;ELEVE;INTERMEDIAIRE;NON FAIBLE
ORL/CMF-OTO-12;Otologie;Chirurgie des paragangliomes;ORL - CMF;ELEVE;INTERMEDIAIRE;NON FAIBLE
ORL/CMF-OTO-13;Otologie;Voies trans-labyrinthiques / rétro-sigmoïdes / sus-pétreuses;ORL - CMF;ELEVE;INTERMEDIAIRE;NON FAIBLE
ORL/CMF-RHI-01;Rhinologie;Endoscopie de la cavité nasale sans biopsie;ORL - CMF;Nul = pas d'arrêt;FAIBLE;FAIBLE
ORL/CMF-RHI-02;Rhinologie;Turbinoplastie inférieure par radiofréquence ou coblation;ORL - CMF;Nul = pas d'arrêt;INTERMEDIAIRE;FAIBLE
ORL/CMF-RHI-03;Rhinologie;Pose d'implant sous-cutané de valve nasale (Latera);ORL - CMF;Nul = pas d'arrêt;INTERMEDIAIRE;FAIBLE
ORL/CMF-RHI-04;Rhinologie;Réduction de fracture des os propres du nez;ORL - CMF;Nul = pas d'arrêt;INTERMEDIAIRE;FAIBLE
ORL/CMF-RHI-05;Rhinologie;Ablation de corps étranger intra-nasal;ORL - CMF;Nul = pas d'arrêt;FAIBLE;FAIBLE
ORL/CMF-RHI-06;Rhinologie;Biopsie de lésion de la fosse nasale;ORL - CMF;FAIBLE;INTERMEDIAIRE;FAIBLE
ORL/CMF-RHI-07;Rhinologie;Cryothérapie nasale postérieure (Clarifix);ORL - CMF;FAIBLE;INTERMEDIAIRE;FAIBLE
ORL/CMF-RHI-08;Rhinologie;Turbinoplastie inférieure au microdébrideur / ciseaux / Ablation des végétations adénoïdes par voie endonasale;ORL - CMF;ELEVE;INTERMEDIAIRE;NON FAIBLE
ORL/CMF-RHI-09;Rhinologie;Méatotomie moyenne ou inférieure / Maxillectomie médiale;ORL - CMF;ELEVE;INTERMEDIAIRE;NON FAIBLE
ORL/CMF-RHI-10;Rhinologie;Sphénoïdotomie / Ethmoïdectomie uni ou bilatérale;ORL - CMF;ELEVE;INTERMEDIAIRE;NON FAIBLE
ORL/CMF-RHI-11;Rhinologie;Chirurgie du sinus frontal (voie endoscopique, externe ou combinée);ORL - CMF;ELEVE;INTERMEDIAIRE;NON FAIBLE
ORL/CMF-RHI-12;Rhinologie;Polypectomie intra-nasale / Septoplastie / Rhinoseptoplastie;ORL - CMF;ELEVE;INTERMEDIAIRE;FAIBLE
ORL/CMF-RHI-13;Rhinologie;Drainage d'abcès septal / Fermeture de perforation septale;ORL - CMF;ELEVE;INTERMEDIAIRE;NON FAIBLE
ORL/CMF-RHI-14;Rhinologie;Correction syndrome de valve nasale / Sclérothérapie nasale (Rendu-Osler);ORL - CMF;ELEVE;INTERMEDIAIRE;NON FAIBLE
ORL/CMF-RHI-15;Rhinologie;Cautérisation intra-nasale (épistaxis);ORL - CMF;ELEVE;INTERMEDIAIRE;FAIBLE
ORL/CMF-RHI-16;Rhinologie;Ligature artère sphéno-palatine (voie endoscopique) ou ethmoïdale (voie externe);ORL - CMF;ELEVE;INTERMEDIAIRE;NON FAIBLE
ORL/CMF-RHI-17;Rhinologie;Fermeture de brèche méningée par voie endoscopique endonasale;ORL - CMF;ELEVE;INTERMEDIAIRE;NON FAIBLE
ORL/CMF-RHI-18;Rhinologie;Chirurgie de l'étage antérieur de la base du crâne par voie endoscopique endonasale;ORL - CMF;ELEVE;INTERMEDIAIRE;NON FAIBLE
ORL/CMF-RHI-19;Rhinologie;Chirurgie tumorale naso-sinusienne;ORL - CMF;ELEVE;INTERMEDIAIRE;NON FAIBLE
ORL/CMF-TRA-01;Traumatologie faciale;Traumatologie maxillo-faciale : fractures simples, multiples ou complexes du massif facial, dont fracture ouverte de mandibule, fracture de Lefort, fracture du zygoma, etc.;ORL - CMF;ELEVE;INTERMEDIAIRE;NON FAIBLE
ORL/CMF-ABL-01;Ablation matériel CMF;Ablation de matériel d'ostéosynthèse maxillo-facial (plaques, vis);ORL - CMF;ELEVE;INTERMEDIAIRE;NON FAIBLE
ORL/CMF-DEN-01;Dentaire / alvéolaire;Chirurgie dentaire et alvéolaire (extractions, alvéoloplasties);ORL - CMF;ELEVE;INTERMEDIAIRE;FAIBLE
ORL/CMF-ORT-01;Orthognatique / squelette facial;Chirurgie orthognatique (ostéotomies maxillaires et mandibulaires);ORL - CMF;ELEVE;INTERMEDIAIRE;NON FAIBLE
ORL/CMF-ORT-02;Orthognatique / squelette facial;Chirurgie du squelette facial (ostéotomies, génioplasties);ORL - CMF;ELEVE;INTERMEDIAIRE;NON FAIBLE
ORTH-MS-01;Membre supérieur;Prothèse (épaule, coude, poignet);ORTHOPEDIE;ELEVE;INTERMEDIAIRE;NON FAIBLE
ORTH-MS-02;Membre supérieur;Reprise prothétique non septique (épaule, coude);ORTHOPEDIE;ELEVE;INTERMEDIAIRE;NON FAIBLE
ORTH-MS-03;Membre supérieur;Luxation récidivante avec ou sans greffe osseuse (épaule);ORTHOPEDIE;ELEVE;INTERMEDIAIRE;NON FAIBLE
ORTH-MS-04;Membre supérieur;Ostéotomie / arthrodèse avec matériel (épaule, coude, avant-bras);ORTHOPEDIE;ELEVE;INTERMEDIAIRE;NON FAIBLE
ORTH-MS-05;Membre supérieur;Arthrolyse par arthrotomie (épaule, coude);ORTHOPEDIE;ELEVE;INTERMEDIAIRE;NON FAIBLE
ORTH-MS-06;Membre supérieur;Arthroscopie avec matériel (réparation de coiffe, stabilisation capsulolabrale, etc.);ORTHOPEDIE;ELEVE;INTERMEDIAIRE;NON FAIBLE
ORTH-MS-07;Membre supérieur;Arthroscopie sans matériel (épaule, coude);ORTHOPEDIE;FAIBLE;INTERMEDIAIRE;NON FAIBLE
ORTH-MS-08;Membre supérieur;Ablation de matériel d'ostéosynthèse** (épaule, coude);ORTHOPEDIE;FAIBLE;INTERMEDIAIRE;NON FAIBLE
ORTH-MS-09;Membre supérieur;Geste osseux sans matériel – résection (épaule, coude);ORTHOPEDIE;FAIBLE;INTERMEDIAIRE;NON FAIBLE
ORTH-MS-10;Membre supérieur;Parties molles (épaule, coude);ORTHOPEDIE;FAIBLE;INTERMEDIAIRE;FAIBLE
ORTH-MS-11;Membre supérieur;Main : canal carpien, kystes, lésions digitales/unguéales, ressaut, ablation de kyste;ORTHOPEDIE;FAIBLE;INTERMEDIAIRE;FAIBLE
ORTH-MS-12;Membre supérieur;Main : Dupuytren / transposition nerf ulnaire / articulaire non prothétique;ORTHOPEDIE;FAIBLE;INTERMEDIAIRE;FAIBLE
ORTH-MS-13;Membre supérieur;Main : ablation de matériel d'ostéosynthèse**;ORTHOPEDIE;FAIBLE;INTERMEDIAIRE;FAIBLE
ORTH-MS-14;Membre supérieur;Main : prothèse ou ostéosynthèse avec matériel / greffe scaphoïde ou lunatum / ostéotomie;ORTHOPEDIE;ELEVE;INTERMEDIAIRE;NON FAIBLE
ORTH-MI-01;Membre inférieur;Prothèse de hanche ou de genou (dont reprise précoce non septique);ORTHOPEDIE;ELEVE;INTERMEDIAIRE;NON FAIBLE
ORTH-MI-02;Membre inférieur;Ostéotomie / arthrodèse avec matériel (clou, vis, plaque, etc.) – hanche, genou, cheville;ORTHOPEDIE;ELEVE;INTERMEDIAIRE;NON FAIBLE
ORTH-MI-03;Membre inférieur;Ligamentoplastie / reconstruction ligamentaire avec matériel (vis d'interférence, etc.);ORTHOPEDIE;ELEVE;INTERMEDIAIRE;NON FAIBLE
ORTH-MI-04;Membre inférieur;Arthroscopie avec matériel (hanche, genou, cheville);ORTHOPEDIE;ELEVE;INTERMEDIAIRE;NON FAIBLE
ORTH-MI-05;Membre inférieur;Plastie ligamentaire sans matériel;ORTHOPEDIE;FAIBLE;INTERMEDIAIRE;NON FAIBLE
ORTH-MI-06;Membre inférieur;Arthroscopie sans matériel (hanche : capsulotomie, Genou : méniscectomie, Cheville : diagnostique);ORTHOPEDIE;FAIBLE;INTERMEDIAIRE;NON FAIBLE
ORTH-MI-07;Membre inférieur;Ablation de matériel d'ostéosynthèse** (membre inférieur);ORTHOPEDIE;FAIBLE;INTERMEDIAIRE;NON FAIBLE
ORTH-MI-08;Membre inférieur;Parties molles (membre inférieur);ORTHOPEDIE;FAIBLE;INTERMEDIAIRE;FAIBLE
ORTH-MI-09;Membre inférieur;Geste osseux sans matériel – résection osseuse;ORTHOPEDIE;FAIBLE;INTERMEDIAIRE;NON FAIBLE
ORTH-MI-10;Membre inférieur;Ponction ou infiltration (hanche, genou);ORTHOPEDIE;FAIBLE;INTERMEDIAIRE;FAIBLE
ORTH-RAC-01;Rachis;Rachis : arthrodèse / libération canalaire (cervical, thoracique, lombaire);ORTHOPEDIE;ELEVE;ELEVE;NON FAIBLE
ORTH-RAC-02;Rachis;Rachis : expansion / cimentoplastie / vertébroplastie;ORTHOPEDIE;ELEVE;ELEVE;NON FAIBLE
ORTH-RAC-03;Rachis;Rachis : pose de halo crânien;ORTHOPEDIE;ELEVE;ELEVE;NON FAIBLE
ORTH-TRA-01;Traumatologie;Fracture fermée – ostéosynthèse par fixateur externe ou brochage percutané;ORTHOPEDIE;FAIBLE;INTERMEDIAIRE;NON FAIBLE
ORTH-TRA-02;Traumatologie;Fracture fermée – ostéosynthèse à foyer ouvert ou enclouage;ORTHOPEDIE;ELEVE;INTERMEDIAIRE;NON FAIBLE
ORTH-TRA-03;Traumatologie;Fracture ouverte Gustilo 1 (hors main);ORTHOPEDIE;ELEVE;INTERMEDIAIRE;NON FAIBLE
ORTH-TRA-04;Traumatologie;Fracture ouverte Gustilo 2 ou 3 (hors main);ORTHOPEDIE;ELEVE;INTERMEDIAIRE;NON FAIBLE
ORTH-TRA-05;Traumatologie;Plaie parties molles (hors main) – contaminée (tellurique/fécale);ORTHOPEDIE;ELEVE;INTERMEDIAIRE;FAIBLE
ORTH-TRA-06;Traumatologie;Plaie parties molles (hors main) – autre;ORTHOPEDIE;ELEVE;INTERMEDIAIRE;FAIBLE
ORTH-TRA-07;Traumatologie;Plaie articulaire (quel que soit le degré de contamination);ORTHOPEDIE;ELEVE;INTERMEDIAIRE;NON FAIBLE
ORTH-TRA-08;Traumatologie;Morsure**;ORTHOPEDIE;ELEVE;INTERMEDIAIRE;FAIBLE
ORTH-TRA-09;Traumatologie;Main : fracture fermée – fixateur externe ou brochage percutané;ORTHOPEDIE;FAIBLE;INTERMEDIAIRE;NON FAIBLE
ORTH-TRA-10;Traumatologie;Main : fracture fermée – foyer ouvert (tout type de matériel);ORTHOPEDIE;ELEVE;INTERMEDIAIRE;NON FAIBLE
ORTH-TRA-11;Traumatologie;Main : fracture ouverte (quelle que soit la technique d'ostéosynthèse);ORTHOPEDIE;ELEVE;INTERMEDIAIRE;NON FAIBLE
ORTH-TRA-12;Traumatologie;Main : plaie (dont articulaire) – non contaminée;ORTHOPEDIE;ELEVE;INTERMEDIAIRE;FAIBLE
ORTH-TRA-13;Traumatologie;Main : plaie (dont articulaire) – contaminée (tellurique/fécale);ORTHOPEDIE;ELEVE;INTERMEDIAIRE;FAIBLE
ORTH-TRA-14;Traumatologie;Main : traumatisme de la dernière phalange;ORTHOPEDIE;FAIBLE;INTERMEDIAIRE;FAIBLE
ORTH-TRA-15;Traumatologie;Main : traumatisme complexe (replantation, écrasement, avulsion, blast, >2h);ORTHOPEDIE;ELEVE;INTERMEDIAIRE;NON FAIBLE
ORTH-TUM-01;Tumeurs osseuses;Biopsie percutanée (trucut / trocart écho ou scannoguidé);ORTHOPEDIE;FAIBLE;INTERMEDIAIRE;FAIBLE
ORTH-TUM-02;Tumeurs osseuses;Biopsie ostéo-médullaire;ORTHOPEDIE;FAIBLE;INTERMEDIAIRE;FAIBLE
ORTH-TUM-03;Tumeurs osseuses;Biopsie à ciel ouvert;ORTHOPEDIE;ELEVE;INTERMEDIAIRE;FAIBLE
ORTH-TUM-04;Tumeurs osseuses;Résection tumorale;ORTHOPEDIE;ELEVE;INTERMEDIAIRE;NON FAIBLE
PROC-01;;Formolisation;PROCTOLOGIE;FAIBLE;INTERMEDIAIRE;FAIBLE
PROC-02;;Incision d'abcès superficiel;PROCTOLOGIE;FAIBLE;FAIBLE;FAIBLE
PROC-03;;Encollage de trajet fistuleux;PROCTOLOGIE;FAIBLE;INTERMEDIAIRE;FAIBLE
PROC-04;;Condylomatose peu extensive (électrocoagulation);PROCTOLOGIE;FAIBLE;INTERMEDIAIRE;FAIBLE
PROC-05;;Condylomatose extensive (électrocoagulation);PROCTOLOGIE;ELEVE;INTERMEDIAIRE;NON FAIBLE
PROC-06;;Fissurectomie avec ou sans anoplastie;PROCTOLOGIE;ELEVE;INTERMEDIAIRE;NON FAIBLE
PROC-07;;Sinus pilonidal (excision / laser / radiofréquence);PROCTOLOGIE;ELEVE;INTERMEDIAIRE;FAIBLE
PROC-08;;Fistule anale (laser / radiofréquence / drainage / chir);PROCTOLOGIE;ELEVE;INTERMEDIAIRE;NON FAIBLE
PROC-10;;Sphincter : chirurgie d'épargne sphinctérienne (FLAP / LIFT);PROCTOLOGIE;ELEVE;INTERMEDIAIRE;NON FAIBLE
PROC-11;;Hémorroïdes (toute technique);PROCTOLOGIE;ELEVE;INTERMEDIAIRE;NON FAIBLE
PROC-12;;Exérèse de tumeur rectale par voie trans-anale;PROCTOLOGIE;ELEVE;INTERMEDIAIRE;NON FAIBLE
PROC-13;;Drainage d'une suppuration complexe;PROCTOLOGIE;ELEVE;INTERMEDIAIRE;NON FAIBLE
PROC-14;;Résections cutanées extensives;PROCTOLOGIE;ELEVE;INTERMEDIAIRE;NON FAIBLE
RI-ABL-01;Ablation;Ablations tumorales percutanées (RFA, MWA, cryo-ablation);RADIOLOGIE INTERVENTIONNELLE;ELEVE;INTERMEDIAIRE;NON FAIBLE
RI-ABL-02;Ablation;Thrombolyse / thrombectomie endovasculaire;RADIOLOGIE INTERVENTIONNELLE;ELEVE;INTERMEDIAIRE;NON FAIBLE
RI-ABL-03;Ablation;Vertebro/Kypho/consolidation osseuse périphérique;RADIOLOGIE INTERVENTIONNELLE;ELEVE;INTERMEDIAIRE;NON FAIBLE
RI-ACC-01;Accès vasculaire;Cathéters veineux tunnelisés / chambre implantable (site compressible) : pose / échange;RADIOLOGIE INTERVENTIONNELLE;FAIBLE;FAIBLE;FAIBLE
RI-ACC-02;Accès vasculaire;Retrait de chambre implantable;RADIOLOGIE INTERVENTIONNELLE;FAIBLE;FAIBLE;FAIBLE
RI-ACC-03;Accès vasculaire;Phlébographie diagnostique / cavographie sans thrombolyse;RADIOLOGIE INTERVENTIONNELLE;FAIBLE;FAIBLE;FAIBLE
RI-ACC-04;Accès vasculaire;Filtre cave : mise en place / retrait;RADIOLOGIE INTERVENTIONNELLE;FAIBLE;FAIBLE;FAIBLE
RI-ACC-05;Accès vasculaire;Angioplastie simple de fistule d’hémodialyse (sans thrombolyse prolongée);RADIOLOGIE INTERVENTIONNELLE;FAIBLE;FAIBLE;FAIBLE
RI-ACC-06;Accès vasculaire;Procédures portales complexes (TIPS, ponction portale, recanalisation);RADIOLOGIE INTERVENTIONNELLE;ELEVE;INTERMEDIAIRE;NON FAIBLE
RI-BIO-01;Biopsie;Biopsie hépatique percutanée;RADIOLOGIE INTERVENTIONNELLE;ELEVE;INTERMEDIAIRE;FAIBLE
RI-BIO-02;Biopsie;Biopsie hépatique transjugulaire (PBH);;FAIBLE;FAIBLE;FAIBLE
RI-BIO-02;Biopsie;Biopsie rénale percutanée;RADIOLOGIE INTERVENTIONNELLE;ELEVE;INTERMEDIAIRE;FAIBLE
RI-BIO-03;Biopsie;Biopsie pulmonaire profonde / pleurale sous TDM;RADIOLOGIE INTERVENTIONNELLE;ELEVE;INTERMEDIAIRE;FAIBLE
RI-BIO-04;Biopsie;Biopsie osseuse profonde (rachis, bassin);RADIOLOGIE INTERVENTIONNELLE;ELEVE;INTERMEDIAIRE;FAIBLE
RI-BIO-05;Biopsie;Biopsies superficielles (thyroïde, sein, ganglion superficiel, parties molles);RADIOLOGIE INTERVENTIONNELLE;FAIBLE;FAIBLE;FAIBLE
RI-DRA-01;Drainage;Ponctions / drainages d’abcès superficiels;RADIOLOGIE INTERVENTIONNELLE;FAIBLE;FAIBLE;FAIBLE
RI-DRA-02;Drainage;Drainage d’abcès profonds (hépatique, rétropéritonéal, pelvien…);RADIOLOGIE INTERVENTIONNELLE;ELEVE;INTERMEDIAIRE;NON FAIBLE
RI-DRA-03;Drainage;Néphrostomie percutanée;RADIOLOGIE INTERVENTIONNELLE;ELEVE;INTERMEDIAIRE;FAIBLE
RI-DRA-04;Drainage;Drainage biliaire percutané (transhépatique);RADIOLOGIE INTERVENTIONNELLE;ELEVE;INTERMEDIAIRE;NON FAIBLE
RI-EMB-01;Embolisation;Embolisation artérielle thérapeutique (hémorragie, TACE, fibromes, prostate…);RADIOLOGIE INTERVENTIONNELLE;ELEVE;INTERMEDIAIRE;NON FAIBLE
RI-EMB-02;Embolisation;Embolisation splénique;RADIOLOGIE INTERVENTIONNELLE;ELEVE;INTERMEDIAIRE;NON FAIBLE
RI-INF-01;Infiltration;Infiltration articulaire périphérique;RADIOLOGIE INTERVENTIONNELLE;FAIBLE;FAIBLE;FAIBLE
RI-INF-02;Infiltration;Infiltration rachidienne si articulaire postérieur;RADIOLOGIE INTERVENTIONNELLE;FAIBLE;FAIBLE;FAIBLE
RI-INF-03;Infiltration;Infiltration rachidienne si épidurale;RADIOLOGIE INTERVENTIONNELLE;TRES ELEVE;TRES ELEVE;FAIBLE
RHUM-BIO-01;Biopsie;Biopsie des glandes salivaires accessoires;RHUMATOLOGIE;FAIBLE;INTERMEDIAIRE;FAIBLE
RHUM-BIO-02;Biopsie;Biopsie synoviale;RHUMATOLOGIE;ELEVE;INTERMEDIAIRE;FAIBLE
RHUM-BIO-03;Biopsie;Biopsie d’artère temporale;RHUMATOLOGIE;ELEVE;INTERMEDIAIRE;FAIBLE
RHUM-BIO-04;Biopsie;Biopsie musculaire;RHUMATOLOGIE;ELEVE;INTERMEDIAIRE;FAIBLE
RHUM-BIO-05;Biopsie;Biopsie osseuse;RHUMATOLOGIE;ELEVE;INTERMEDIAIRE;FAIBLE
RHUM-CHI-01;Chirurgie;Aponévrotomie palmaire;RHUMATOLOGIE;FAIBLE;INTERMEDIAIRE;FAIBLE
RHUM-CHI-02;Chirurgie;Aponévrotomie digitale;RHUMATOLOGIE;ELEVE;INTERMEDIAIRE;FAIBLE
RHUM-RAC-01;Gestes rachidiens;Ponction lombaire;RHUMATOLOGIE;TRES ELEVE;TRES ELEVE;FAIBLE
RHUM-RAC-02;Gestes rachidiens;Blood patch;RHUMATOLOGIE;TRES ELEVE;TRES ELEVE;FAIBLE
RHUM-RAC-03;Gestes rachidiens;Ponction-Infiltration rachidienne épidurale;RHUMATOLOGIE;TRES ELEVE;TRES ELEVE;FAIBLE
RHUM-RAC-04;Gestes rachidiens;Neurotomie par radiofréquence;RHUMATOLOGIE;TRES ELEVE;TRES ELEVE;FAIBLE
RHUM-RAC-05;Gestes rachidiens;Vertébroplastie/Kyphoplastie;RHUMATOLOGIE;TRES ELEVE;TRES ELEVE;NON FAIBLE
RHUM-RAC-06;Gestes rachidiens;Ponction Biopsie disco vertébrale;RHUMATOLOGIE;TRES ELEVE;TRES ELEVE;FAIBLE
RHUM-RAC-07;Gestes rachidiens;Infiltration canalaire profonde;RHUMATOLOGIE;TRES ELEVE;TRES ELEVE;FAIBLE
RHUM-INJ-01;Infiltration / injection;Ponction-Infiltration articulaire postérieure;RHUMATOLOGIE;FAIBLE;FAIBLE;FAIBLE
RHUM-INJ-02;Infiltration / injection;Infiltration de la branche médiale du rameau postérieur;RHUMATOLOGIE;FAIBLE;INTERMEDIAIRE;FAIBLE
RHUM-INJ-03;Infiltration / injection;Ponction-infiltration des articulations périphériques hors coxo-fémorales;RHUMATOLOGIE;FAIBLE;FAIBLE;FAIBLE
RHUM-INJ-04;Infiltration / injection;Infiltration des sacro iliaques;RHUMATOLOGIE;FAIBLE;FAIBLE;FAIBLE
RHUM-INJ-05;Infiltration / injection;Infiltrations périarticulaires;RHUMATOLOGIE;FAIBLE;FAIBLE;FAIBLE
RHUM-INJ-06;Infiltration / injection;Infiltration canalaire superficielle sous guidage;RHUMATOLOGIE;FAIBLE;FAIBLE;FAIBLE
RHUM-INJ-07;Infiltration / injection;Infiltration de poulie;RHUMATOLOGIE;FAIBLE;FAIBLE;FAIBLE
RHUM-INJ-08;Infiltration / injection;Injection sous cutanée;RHUMATOLOGIE;FAIBLE;FAIBLE;FAIBLE
RHUM-INJ-09;Infiltration / injection;Injection intra-musculaire dont toxines botuliques sur site superficiel;RHUMATOLOGIE;FAIBLE;FAIBLE;FAIBLE
RHUM-INJ-10;Infiltration / injection;Acupuncture;RHUMATOLOGIE;FAIBLE;FAIBLE;FAIBLE
RHUM-INJ-11;Infiltration / injection;Ponction-infiltration des articulations coxo-fémorales;RHUMATOLOGIE;ELEVE;INTERMEDIAIRE;FAIBLE
RHUM-INJ-12;Infiltration / injection;Trituration d’une articulation périphérique;RHUMATOLOGIE;ELEVE;INTERMEDIAIRE;FAIBLE
RHUM-INJ-13;Infiltration / injection;Infiltration canalaire superficielle à l’aveugle;RHUMATOLOGIE;ELEVE;FAIBLE;FAIBLE
RHUM-INJ-14;Infiltration / injection;Injection intra musculaire dont toxines botuliques sur site profond;RHUMATOLOGIE;ELEVE;FAIBLE;FAIBLE
THO-RES-01;Résection pulmonaire;Pneumonectomies ou lobectomies pulmonaires;THORACIQUE;ELEVE;INTERMEDIAIRE;NON FAIBLE
THO-RES-02;Résection pulmonaire;Pleuro-pneumonectomies;THORACIQUE;ELEVE;INTERMEDIAIRE;NON FAIBLE
THO-RES-03;Résection pulmonaire;Exérèses partielles non anatomiques simples ou multiples du poumon;THORACIQUE;ELEVE;INTERMEDIAIRE;NON FAIBLE
THO-RES-04;Résection pulmonaire;Segmentectomie pulmonaire unique ou multiple;THORACIQUE;ELEVE;INTERMEDIAIRE;NON FAIBLE
THO-RES-05;Résection pulmonaire;Réduction uni- ou bilatérale de volume pulmonaire;THORACIQUE;ELEVE;INTERMEDIAIRE;NON FAIBLE
THO-RES-06;Résection pulmonaire;Résection de bulle d'emphysème pulmonaire;THORACIQUE;ELEVE;INTERMEDIAIRE;NON FAIBLE
THO-RES-07;Résection pulmonaire;Exérèse de kyste hydatique du poumon;THORACIQUE;ELEVE;INTERMEDIAIRE;NON FAIBLE
THO-RES-08;Résection pulmonaire;Transplantation mono ou bipulmonaire avec ou sans circulation extra-corporelle;THORACIQUE;ELEVE;INTERMEDIAIRE;NON FAIBLE
THO-MED-01;Médiastin;Chirurgie du médiastin;THORACIQUE;ELEVE;INTERMEDIAIRE;NON FAIBLE
THO-MED-02;Médiastin;Médiastinoscopie avec ou sans biopsie;THORACIQUE;ELEVE;INTERMEDIAIRE;NON FAIBLE
THO-PLR-01;Plèvre / paroi thoracique;Chirurgie du pneumothorax;THORACIQUE;ELEVE;INTERMEDIAIRE;NON FAIBLE
THO-PLR-02;Plèvre / paroi thoracique;Chirurgie de la plèvre (patient non infecté);THORACIQUE;ELEVE;INTERMEDIAIRE;NON FAIBLE
THO-PLR-03;Plèvre / paroi thoracique;Chirurgie de paroi thoracique (avec ou sans pose de matériel);THORACIQUE;ELEVE;INTERMEDIAIRE;NON FAIBLE
THO-PLR-04;Plèvre / paroi thoracique;Thoracoscopie / pleuroscopie, avec ou sans biopsie, abrasion ou talcage;THORACIQUE;ELEVE;INTERMEDIAIRE;NON FAIBLE
THO-END-01;Endoscopie thoracique / radio interv.;Pose de prothèse endo-bronchique ou trachéale;THORACIQUE;ELEVE;INTERMEDIAIRE;NON FAIBLE
THO-END-02;Endoscopie thoracique / radio interv.;Destruction de tumeurs bronchopulmonaires par radiofréquence guidée par scanner;THORACIQUE;ELEVE;INTERMEDIAIRE;NON FAIBLE
THO-END-03;Endoscopie thoracique / radio interv.;Biopsie pulmonaire par voie transcutanée;THORACIQUE;ELEVE;INTERMEDIAIRE;FAIBLE
THO-END-04;Endoscopie thoracique / radio interv.;Radiologie interventionnelle des voies respiratoires ou du poumon;THORACIQUE;ELEVE;INTERMEDIAIRE;NON FAIBLE
THO-END-05;Endoscopie thoracique / radio interv.;Fibroscopie ou écho-endoscopie diagnostique;THORACIQUE;FAIBLE;FAIBLE;FAIBLE
THO-END-05b;Endoscopie thoracique / radio interv.;Fibroscopie bronchique avec aspiration bronchique (LBA) ou brosse à visée bactériologique;THORACIQUE;FAIBLE;FAIBLE;FAIBLE
THO-END-05c;Endoscopie thoracique / radio interv.;Fibroscopie bronchique avec biopsie / ponction / prélèvements cytologiques;THORACIQUE;ELEVE;INTERMEDIAIRE;FAIBLE
THO-END-06;Endoscopie thoracique / radio interv.;Pose de prothèse endo-bronchique, trachéale ou mise en place de valves unidirectionnelle;THORACIQUE;ELEVE;INTERMEDIAIRE;NON FAIBLE
THO-END-07;Endoscopie thoracique / radio interv.;Endoscopie thérapeutique : dilatation, laser;THORACIQUE;ELEVE;INTERMEDIAIRE;NON FAIBLE
THO-TRA-01;Trachée / bronche (chirurgie ouverte);Trachéotomie chirurgicale;THORACIQUE;ELEVE;INTERMEDIAIRE;NON FAIBLE
THO-TRA-02;Trachée / bronche (chirurgie ouverte);Suture ou résection-anastomose de bronche (cervicotomie ou thoracotomie);THORACIQUE;ELEVE;INTERMEDIAIRE;NON FAIBLE
THO-TRA-03;Trachée / bronche (chirurgie ouverte);Plastie ou fermeture d'orifice de trachéostomie ou trachéotomie;THORACIQUE;ELEVE;INTERMEDIAIRE;NON FAIBLE
THO-TRA-04;Trachée / bronche (chirurgie ouverte);Tuteur trachéal (cervicotomie);THORACIQUE;ELEVE;INTERMEDIAIRE;NON FAIBLE
THO-TRA-05;Trachée / bronche (chirurgie ouverte);Plastie de trachée par autogreffe ou lambeau;THORACIQUE;ELEVE;INTERMEDIAIRE;NON FAIBLE
THO-TRA-06;Trachée / bronche (chirurgie ouverte);Remplacement de trachée par prothèse;THORACIQUE;ELEVE;INTERMEDIAIRE;NON FAIBLE
THO-TRA-07;Trachée / bronche (chirurgie ouverte);Résection-anastomose de trachée ou de bifurcation trachéale;THORACIQUE;ELEVE;INTERMEDIAIRE;NON FAIBLE
THO-OES-01;Œsophage;Chirurgie œsophagienne (œsophagectomie, excision de tumeur, traitement de diverticule);THORACIQUE;ELEVE;INTERMEDIAIRE;NON FAIBLE
URO-PRO-01;Prostate;Biopsie prostatique transrectale;UROLOGIE;ELEVE;INTERMEDIAIRE;FAIBLE
URO-PRO-02;Prostate;Biopsie prostatique transpérinéale;UROLOGIE;ELEVE;INTERMEDIAIRE;FAIBLE
URO-PRO-03;Prostate;RTUP / incision cervico-prostatique;UROLOGIE;ELEVE;INTERMEDIAIRE;NON FAIBLE
URO-PRO-04;Prostate;Énucléation prostatique (HoLEP, ThuLEP, GreenLEP, BIPOLEP) / photovaporisation;UROLOGIE;ELEVE;INTERMEDIAIRE;NON FAIBLE
URO-PRO-05;Prostate;Traitements mini-invasifs HBP (UROLIFT, REZUM, HIFU, embolisation artères prostatiques);UROLOGIE;ELEVE;INTERMEDIAIRE;FAIBLE
URO-PRO-06;Prostate;Prostatectomie totale;UROLOGIE;ELEVE;INTERMEDIAIRE;NON FAIBLE
URO-PRO-07;Prostate;Curiethérapie;UROLOGIE;ELEVE;INTERMEDIAIRE;FAIBLE
URO-VES-01;Vessie / urètre;Cystoscopie diagnostique;UROLOGIE;FAIBLE;FAIBLE;FAIBLE
URO-VES-02;Vessie / urètre;Urétrocystoscopie;UROLOGIE;FAIBLE;FAIBLE;FAIBLE
URO-VES-03;Vessie / urètre;Instillations endo-vésicales;UROLOGIE;FAIBLE;INTERMEDIAIRE;FAIBLE
URO-VES-04;Vessie / urètre;Injection intradétrusorienne de toxine botulique;UROLOGIE;ELEVE;INTERMEDIAIRE;FAIBLE
URO-VES-05;Vessie / urètre;Injection de macroplastique;UROLOGIE;ELEVE;INTERMEDIAIRE;FAIBLE
URO-VES-06;Vessie / urètre;RTUV (résection trans-urétrale de vessie);UROLOGIE;ELEVE;INTERMEDIAIRE;NON FAIBLE
URO-VES-07;Vessie / urètre;Urétrotomie / urétroplastie;UROLOGIE;ELEVE;INTERMEDIAIRE;NON FAIBLE
URO-VES-08;Vessie / urètre;Cystectomie sus-trigonale partielle ou totale (quel que soit le mode de dérivation);UROLOGIE;ELEVE;INTERMEDIAIRE;NON FAIBLE
URO-INC-01;Incontinence / prolapsus;Cure d'incontinence urinaire;UROLOGIE;ELEVE;INTERMEDIAIRE;NON FAIBLE
URO-INC-02;Incontinence / prolapsus;Cure de prolapsus (quelle que soit la voie d'abord, avec ou sans matériel);UROLOGIE;ELEVE;INTERMEDIAIRE;NON FAIBLE
URO-SCR-01;Scrotal / génital masculin;Injections intra-caverneuses;UROLOGIE;FAIBLE;INTERMEDIAIRE;FAIBLE
URO-SCR-02;Scrotal / génital masculin;Chirurgie scrotale ou inguinale (dont vasectomie);UROLOGIE;ELEVE;INTERMEDIAIRE;FAIBLE
URO-SCR-03;Scrotal / génital masculin;Pose de prothèse pénienne;UROLOGIE;ELEVE;INTERMEDIAIRE;NON FAIBLE
URO-SCR-04;Scrotal / génital masculin;Pose de prothèse testiculaire;UROLOGIE;ELEVE;INTERMEDIAIRE;FAIBLE
URO-SCR-05;Scrotal / génital masculin;Chirurgie scrotale ou de la verge sans prothèse;UROLOGIE;ELEVE;INTERMEDIAIRE;FAIBLE
URO-SCR-06;Scrotal / génital masculin;Chirurgie périnéale (urètre, pénectomie, sphincter homme, implant pénien);UROLOGIE;ELEVE;INTERMEDIAIRE;NON FAIBLE
URO-HAU-01;Voies urinaires hautes (uretère, rein);Sonde JJ ou urétérale : pose / changement / ablation;UROLOGIE;FAIBLE;INTERMEDIAIRE;FAIBLE
URO-HAU-02;Voies urinaires hautes (uretère, rein);Pose de sonde de néphrostomie;UROLOGIE;ELEVE;INTERMEDIAIRE;FAIBLE
URO-HAU-02b;Voies urinaires hautes (uretère, rein);Changement de sonde de néphrostomie;UROLOGIE;FAIBLE;INTERMEDIAIRE;FAIBLE
URO-HAU-03;Voies urinaires hautes (uretère, rein);Urétéroscopie diagnostique et/ou thérapeutique;UROLOGIE;ELEVE;INTERMEDIAIRE;NON FAIBLE
URO-HAU-04;Voies urinaires hautes (uretère, rein);Néphrostomie percutanée;UROLOGIE;ELEVE;INTERMEDIAIRE;FAIBLE
URO-HAU-05;Voies urinaires hautes (uretère, rein);Néphrolithotomie percutanée (NLPC);UROLOGIE;ELEVE;INTERMEDIAIRE;NON FAIBLE
URO-HAU-06;Voies urinaires hautes (uretère, rein);Lithotritie extracorporelle;UROLOGIE;ELEVE;INTERMEDIAIRE;FAIBLE
URO-HAU-07;Voies urinaires hautes (uretère, rein);Biopsie rénale;UROLOGIE;ELEVE;INTERMEDIAIRE;FAIBLE
URO-HAU-08;Voies urinaires hautes (uretère, rein);Néphrectomie totale ou partielle;UROLOGIE;ELEVE;INTERMEDIAIRE;NON FAIBLE
URO-HAU-09;Voies urinaires hautes (uretère, rein);Surrénalectomie;UROLOGIE;ELEVE;INTERMEDIAIRE;NON FAIBLE
URO-HAU-10;Voies urinaires hautes (uretère, rein);Embolisation des artères rénales;UROLOGIE;ELEVE;INTERMEDIAIRE;NON FAIBLE
URO-HAU-11;Voies urinaires hautes (uretère, rein);Thermoablation de tumeur rénale;UROLOGIE;ELEVE;INTERMEDIAIRE;NON FAIBLE
URO-HAU-12;Voies urinaires hautes (uretère, rein);Transplantation rénale;UROLOGIE;ELEVE;INTERMEDIAIRE;NON FAIBLE
URO-HAU-13;Voies urinaires hautes (uretère, rein);Chirurgie abdominale ou rétropéritonéale (ouverte ou coelioscopique);UROLOGIE;ELEVE;INTERMEDIAIRE;NON FAIBLE
URO-SON-01;Sondages / instillations;Sondage urétral;UROLOGIE;FAIBLE;FAIBLE;FAIBLE
URO-SON-02;Sondages / instillations;Changement de cystostomie / sonde de néphrostomie;UROLOGIE;FAIBLE;INTERMEDIAIRE;FAIBLE
URO-DRA-01;Drainage;Drainage d'une collection superficielle;UROLOGIE;FAIBLE;INTERMEDIAIRE;FAIBLE
URO-DRA-02;Drainage;Drainage d'une collection profonde;UROLOGIE;ELEVE;INTERMEDIAIRE;NON FAIBLE
URO-NEU-01;Neuromodulation;Neuromodulation des racines sacrées (test, implantation, ablation électrode);UROLOGIE;ELEVE;INTERMEDIAIRE;FAIBLE
URO-NEU-02;Neuromodulation;Pose ou changement de cathéter de dialyse intrapéritonéale;UROLOGIE;ELEVE;INTERMEDIAIRE;FAIBLE
VASC-OUV-01;Chirurgie ouverte;Amputations mineures;VASCULAIRE;FAIBLE;INTERMEDIAIRE;FAIBLE
VASC-OUV-02;Chirurgie ouverte;Chirurgie artérielle périphérique ouverte;VASCULAIRE;ELEVE;INTERMEDIAIRE;NON FAIBLE
VASC-OUV-03;Chirurgie ouverte;Chirurgie aortique ouverte;VASCULAIRE;ELEVE;INTERMEDIAIRE;NON FAIBLE
VASC-OUV-04;Chirurgie ouverte;Chirurgie carotidienne avec mise en place de matériel;VASCULAIRE;ELEVE;INTERMEDIAIRE;NON FAIBLE
VASC-OUV-05;Chirurgie ouverte;Chirurgie carotidienne sans mise en place de matériel;VASCULAIRE;ELEVE;INTERMEDIAIRE;NON FAIBLE
VASC-OUV-06;Chirurgie ouverte;Chirurgie des varices avec abord du Scarpa;VASCULAIRE;ELEVE;INTERMEDIAIRE;NON FAIBLE
VASC-OUV-07;Chirurgie ouverte;Chirurgie des varices sans abord du Scarpa;VASCULAIRE;ELEVE;INTERMEDIAIRE;FAIBLE
VASC-OUV-08;Chirurgie ouverte;Création ou reprise de fistule artério-veineuse avec matériel;VASCULAIRE;ELEVE;INTERMEDIAIRE;NON FAIBLE
VASC-OUV-09;Chirurgie ouverte;Création ou reprise de fistule artério-veineuse sans matériel;VASCULAIRE;ELEVE;INTERMEDIAIRE;NON FAIBLE
VASC-OUV-10;Chirurgie ouverte;Abords pour hémodialyse;VASCULAIRE;ELEVE;INTERMEDIAIRE;FAIBLE
VASC-OUV-11;Chirurgie ouverte;Amputation majeure de membre (hors contexte septique);VASCULAIRE;ELEVE;INTERMEDIAIRE;NON FAIBLE
VASC-OUV-12;Chirurgie ouverte;Toute la chirurgie veineuse et artérielle ouverte;VASCULAIRE;ELEVE;INTERMEDIAIRE;NON FAIBLE
VASC-NEU-01;Neuro;Dérivation lombaire externe;VASCULAIRE;ELEVE;TRES ELEVE;NON FAIBLE
VASC-END-01;Endovasculaire;Procédures endoveineuses superficielles et profondes;VASCULAIRE;FAIBLE;FAIBLE;FAIBLE
VASC-END-02;Endovasculaire;Embolisations;VASCULAIRE;FAIBLE;FAIBLE;NON FAIBLE
VASC-END-03;Endovasculaire;Traitement endovasculaire des anévrysmes de l'aorte abdominale (EVAR);VASCULAIRE;ELEVE;FAIBLE;NON FAIBLE
VASC-END-04;Endovasculaire;Angioplasties artérielles périphériques;VASCULAIRE;ELEVE;FAIBLE;NON FAIBLE
VASC-END-05;Endovasculaire;Procédures avec stent couvert ou endoprothèse;VASCULAIRE;ELEVE;FAIBLE;NON FAIBLE